id,image_path,overall_design_score,img_width_px,img_height_px,aspect_ratio,word_count,char_count,text_block_count,text_area_frac,graphic_area_frac,background_area_frac,text_share,text_to_graphic_ratio,mean_text_height_frac,max_text_height_frac,text_height_std_frac
overall_rating-00000,images/000001.jpg,5.0,723,1023,0.7067448680351907,14,69,2,0.01634332888515729,0.24954943627142798,0.7341072348434147,0.06146586529171878,0.06549134764376348,0.012288786482334866,0.01857282502443793,0.002732912413179853
overall_rating-00001,images/000002.jpg,6.6,575,1024,0.5615234375,4,9,4,0.05001868206521739,0.1840149456521739,0.7659663722826087,0.21372433762218881,0.27181858456085944,0.067138671875,0.07421875,0.007914826697972327
overall_rating-00002,images/000003.jpg,6.7,779,1024,0.7607421875,3,13,2,0.03002020819961489,0.22533145458921694,0.7446483372111681,0.11756417746314307,0.13322688682919231,0.047200520833333336,0.060546875,0.0161911850461535
overall_rating-00003,images/000004.jpg,5.8,625,1024,0.6103515625,6,45,4,0.0288109375,0.3415421875,0.629646875,0.07779315349370955,0.0843554282734106,0.025716145833333332,0.064453125,0.01809204847863314
overall_rating-00004,images/000005.jpg,7.7,663,1024,0.6474609375,37,158,10,0.3345249457956259,0.22756704845399697,0.43790800575037714,0.5951426976685683,1.4700060842211549,0.03776921452702703,0.1572265625,0.045291046754626446
overall_rating-00005,images/000006.jpg,6.8,681,1024,0.6650390625,4,18,3,0.02964247200807636,0.07056775422173274,0.8997897737701909,0.29580286487027946,0.42005689900426746,0.035888671875,0.037109375,0.0008097228492078613
overall_rating-00006,images/000007.jpg,6.8,712,1024,0.6953125,0,0,0,0.0,0.9460833260182584,0.0539166739817416,0.0,0.0,0.0,0.0,0.0
overall_rating-00007,images/000008.jpg,6.7,767,1024,0.7490234375,8,23,5,0.03441778031290743,0.5809655618481095,0.384616657838983,0.05592900872494191,0.0592423760944126,0.0335693359375,0.0390625,0.009107950612851932
overall_rating-00008,images/000009.jpg,5.1,518,1024,0.505859375,0,0,0,0.0,0.6770443713803089,0.32295562861969107,0.0,0.0,0.0,0.0,0.0
overall_rating-00009,images/000010.jpg,7.2,723,1024,0.7060546875,6,34,2,0.007269515041493776,0.08761913252074689,0.9051113524377593,0.07661100909595593,0.08296721084030893,0.009928385416666666,0.0107421875,0.00036394335571285634
overall_rating-00010,images/000011.jpg,7.5,775,1024,0.7568359375,10,50,1,0.0077482358870967745,0.5004813508064516,0.49177041330645166,0.015245542742809258,0.01548156764405235,0.0099609375,0.0126953125,0.0020853668460998655
overall_rating-00011,images/000012.jpg,7.2,768,1024,0.75,1,2,1,0.00107574462890625,0.5947214762369791,0.4042027791341146,0.0018055549627150767,0.0018088208882465128,0.01171875,0.01171875,0.0
overall_rating-00012,images/000013.jpg,7.1,682,1024,0.666015625,8,44,4,0.015894199046920823,0.45336412894061584,0.5307416720124634,0.03387089391697054,0.03505835162579158,0.0185546875,0.0625,0.01708984375
overall_rating-00013,images/000014.jpg,7.8,761,1024,0.7431640625,7,31,4,0.06680149474375821,0.7007278662943496,0.23247063896189224,0.08703444862800698,0.09533158014255051,0.051060267857142856,0.103515625,0.023976061449710758
overall_rating-00014,images/000015.jpg,6.3,717,1024,0.7001953125,12,46,12,0.0259068274930265,0.5379034279114365,0.43618974459553694,0.045949549949994443,0.04816259973210646,0.021565755208333332,0.0283203125,0.005783722952874808
overall_rating-00015,images/000016.jpg,7.7,1024,768,1.3333333333333333,3,15,2,0.00620269775390625,0.6722450256347656,0.3215522766113281,0.009142484439221596,0.009226840686622216,0.032552083333333336,0.061197916666666664,0.020283544176298476
overall_rating-00016,images/000017.jpg,7.5,726,1024,0.708984375,0,0,0,0.0,0.7362097537878788,0.2637902462121212,0.0,0.0,0.0,0.0,0.0
overall_rating-00017,images/000018.jpg,6.8,682,1024,0.666015625,2,7,1,0.0016552877565982405,0.26582546737536655,0.7325192448680351,0.006188436830835119,0.006226972054038914,0.01904296875,0.02734375,0.00830078125
overall_rating-00018,images/000019.jpg,8.2,781,1024,0.7626953125,9,45,4,0.01611265604993598,0.1359647587227913,0.8479225852272727,0.10595035478486799,0.11850612027184858,0.018120659722222224,0.0322265625,0.00944696131062453
overall_rating-00019,images/000020.jpg,7.0,768,1024,0.75,2,4,2,0.004208882649739583,0.5976842244466146,0.39810689290364576,0.006992741069995013,0.007041983839604456,0.029296875,0.0302734375,0.0009765625
overall_rating-00020,images/000022.jpg,6.5,693,1023,0.6774193548387096,5,20,3,0.08261500636867206,0.11437796481784751,0.8030070288134805,0.41938047774531706,0.7222982722261275,0.06744868035190615,0.08699902248289346,0.014965911404891211
overall_rating-00021,images/000023.jpg,7.4,744,1024,0.7265625,8,41,5,0.3606731455813172,0.22825048303091397,0.41107637138776876,0.6124277037945061,1.5801637779336837,0.089111328125,0.1669921875,0.03316630397451356
overall_rating-00022,images/000024.jpg,7.0,682,1024,0.666015625,40,210,11,0.13791153088343108,0.6128731557001467,0.24921531341642222,0.1836898558906325,0.22502459048949675,0.0212890625,0.0634765625,0.010300767177417389
overall_rating-00023,images/000025.jpg,6.6,774,1024,0.755859375,3,14,2,0.003373808947028424,0.681964884124677,0.3146613069282945,0.004922834477514944,0.004947188668458805,0.014322916666666666,0.017578125,0.0033196741624953027
overall_rating-00024,images/000026.jpg,6.5,724,1023,0.70772238514174,18,98,5,0.0547598602312557,0.6096520363139504,0.33558810345479395,0.08241854264800914,0.08982149975638924,0.019387422613229063,0.053763440860215055,0.013038651661594557
overall_rating-00025,images/000027.jpg,6.0,727,1024,0.7099609375,18,108,4,0.02600853249656121,0.07395278112104539,0.9000386863823934,0.26018598150935285,0.3516910669524467,0.014105902777777778,0.0185546875,0.004003009276409878
overall_rating-00026,images/000028.jpg,5.6,682,1024,0.666015625,1,4,1,0.007096545087976539,0.2633697420271261,0.7295337128848973,0.026238187256796466,0.026945179933561318,0.03515625,0.03515625,0.0
overall_rating-00027,images/000030.jpg,6.5,723,1024,0.7060546875,7,36,2,0.012318464730290456,0.23368613848547717,0.7539953967842324,0.050074122879262065,0.052713715970175136,0.013532366071428572,0.015625,0.002050354137374312
overall_rating-00028,images/000031.jpg,7.0,720,1024,0.703125,24,105,4,0.04471571180555556,0.3055216471354167,0.6497626410590278,0.12767259306878162,0.14635857139686134,0.0166015625,0.046875,0.010596940631938822
overall_rating-00029,images/000033.jpg,5.5,768,1024,0.75,9,39,3,0.010782877604166666,0.3717549641927083,0.617462158203125,0.028187740991889376,0.029005335887262278,0.014756944444444444,0.0185546875,0.0029991916148188486
overall_rating-00030,images/000035.jpg,7.3,682,1023,0.6666666666666666,4,28,4,0.006626190005245913,0.15966781618091808,0.833705993813836,0.03984623473336723,0.041499847394028615,0.010019550342130987,0.015640273704789834,0.003269571886671469
overall_rating-00031,images/000036.jpg,7.0,1024,1024,1.0,1,7,1,0.0006580352783203125,0.6114320755004883,0.3879098892211914,0.0010750627509453542,0.0010762197547154802,0.0087890625,0.0087890625,0.0
overall_rating-00032,images/000037.jpg,6.8,724,1024,0.70703125,16,91,4,0.045434435428176795,0.2587121784357735,0.6958533861360496,0.14938333473770107,0.17561769106844,0.01824951171875,0.0302734375,0.0077950760136263125
overall_rating-00033,images/000038.jpg,6.6,822,1024,0.802734375,2,6,1,0.013417636100973237,0.7099656896289538,0.27661667427007297,0.018548445372906855,0.018898992299171014,0.044921875,0.0546875,0.009765625
overall_rating-00034,images/000039.jpg,7.7,724,1024,0.70703125,4,23,2,0.01174437802140884,0.5816265970303868,0.4066290249482044,0.019792639874883784,0.020192298772738655,0.01904296875,0.0283203125,0.005588634346806444
overall_rating-00035,images/000041.jpg,6.3,723,1024,0.7060546875,0,0,0,0.0,0.8524877355636238,0.14751226443637622,0.0,0.0,0.0,0.0,0.0
overall_rating-00036,images/000042.jpg,7.1,818,1024,0.798828125,4,23,3,0.008022616136919316,0.14138547715464547,0.8505919067084352,0.053695994374705354,0.05674285859037905,0.013671875,0.013671875,0.0
overall_rating-00037,images/000043.jpg,8.0,698,1024,0.681640625,5,20,3,0.03618038144699141,0.5525091220451289,0.41131049650787965,0.06145919237963054,0.06548377212862776,0.0412109375,0.0546875,0.014529464776091633
overall_rating-00038,images/000045.jpg,8.8,811,1024,0.7919921875,2,7,2,0.00313077990135635,0.3862997071516646,0.610569512946979,0.008039380596645723,0.008104536046482631,0.02490234375,0.0361328125,0.01123046875
overall_rating-00039,images/000046.jpg,5.7,684,1024,0.66796875,1,7,1,0.010693644919590644,0.7647041186951754,0.2246022363852339,0.01379117328084463,0.013984029454212106,0.0625,0.0625,0.0
overall_rating-00040,images/000047.jpg,6.1,804,1024,0.78515625,0,0,0,0.0,0.22822532843594528,0.7717746715640548,0.0,0.0,0.0,0.0,0.0
overall_rating-00041,images/000048.jpg,6.0,567,1024,0.5537109375,5,24,4,0.0349667934303351,0.29528012014991184,0.6697530864197532,0.10588075767690253,0.1184190571738547,0.03125,0.041015625,0.009647725808772241
overall_rating-00042,images/000049.jpg,6.8,723,1024,0.7060546875,11,58,4,0.020270087742047027,0.6259468469052559,0.3537830653526971,0.03136731127776802,0.032383081474512375,0.016690340909090908,0.033203125,0.006252420760532318
overall_rating-00043,images/000050.jpg,6.5,724,1024,0.70703125,0,0,0,0.0,0.378569039191989,0.6214309608080111,0.0,0.0,0.0,0.0,0.0
overall_rating-00044,images/000051.jpg,5.8,804,1024,0.78515625,8,36,3,0.03494733364427861,0.011763691309079602,0.9532889750466418,0.7481602829133838,2.970779556014455,0.0296630859375,0.0458984375,0.011047869085882858
overall_rating-00045,images/000052.jpg,5.0,679,1024,0.6630859375,0,0,0,0.0,0.8907817677650958,0.10921823223490423,0.0,0.0,0.0,0.0,0.0
overall_rating-00046,images/000053.jpg,5.6,1024,1024,1.0,0,0,0,0.0,0.4360532760620117,0.5639467239379883,0.0,0.0,0.0,0.0,0.0
overall_rating-00047,images/000054.jpg,7.2,723,1024,0.7060546875,3,18,1,0.004026463087828492,0.7431829724239281,0.25279056448824344,0.005388667348761203,0.00541786240701396,0.013020833333333334,0.015625,0.0020066451832581305
overall_rating-00048,images/000055.jpg,7.6,693,1024,0.6767578125,11,48,4,0.04076619994588745,0.17685222763347763,0.7823815724206349,0.18732880482292832,0.23050996015936256,0.029208096590909092,0.0341796875,0.00744257525395408
overall_rating-00049,images/000057.jpg,5.8,539,1024,0.5263671875,0,0,0,0.0,0.7836905003478665,0.21630949965213353,0.0,0.0,0.0,0.0,0.0
overall_rating-00050,images/000059.jpg,6.8,768,1024,0.75,3,9,3,0.2869517008463542,0.4999732971191406,0.21307500203450513,0.3646493650452523,0.5739340530779893,0.19108072916666666,0.193359375,0.0016598370812476513
overall_rating-00051,images/000060.jpg,6.6,688,1024,0.671875,11,42,7,0.04509930277979651,0.7371627452761628,0.21773795194404066,0.05765242336871024,0.06117957407478723,0.024680397727272728,0.0888671875,0.022647718430520724
overall_rating-00052,images/000061.jpg,5.7,871,1024,0.8505859375,16,71,2,0.0335282721010333,0.5761875717566016,0.3902841561423651,0.05498999646934213,0.05818985647124755,0.02288818359375,0.02734375,0.004011175488439394
overall_rating-00053,images/000062.jpg,6.4,824,1024,0.8046875,2,5,2,0.0011306318264563107,0.5564415200242718,0.44242784814927183,0.0020277767150017217,0.00203189694832081,0.01220703125,0.013671875,0.00146484375
overall_rating-00054,images/000063.jpg,6.0,682,1024,0.666015625,6,28,1,0.007527549945014663,0.09198445518695014,0.9004879948680351,0.07564464141821113,0.08183502233845484,0.011881510416666666,0.013671875,0.0010421751688530028
overall_rating-00055,images/000064.jpg,7.0,723,1023,0.7067448680351907,2,5,2,0.013514883813371298,0.42252264310891,0.5639624730777186,0.03099477219028483,0.03198617644235384,0.0689149560117302,0.093841642228739,0.024926686217008796
overall_rating-00056,images/000065.jpg,6.8,575,1024,0.5615234375,9,37,4,0.03564028532608696,0.8608933423913043,0.10346637228260869,0.03975342834248,0.041399187995912363,0.024522569444444444,0.0439453125,0.011522190930953372
overall_rating-00057,images/000066.jpg,5.2,682,1024,0.666015625,0,0,0,0.0,0.828767927510997,0.17123207248900296,0.0,0.0,0.0,0.0,0.0
overall_rating-00058,images/000067.jpg,5.2,529,1024,0.5166015625,0,0,0,0.0,0.3755224332466919,0.6244775667533081,0.0,0.0,0.0,0.0,0.0
overall_rating-00059,images/000068.jpg,5.5,762,1024,0.744140625,10,43,5,0.030240116469816274,0.35616080216535434,0.6135990813648293,0.07826098492888983,0.0849057961627589,0.02412109375,0.0439453125,0.008897443734291485
overall_rating-00060,images/000070.jpg,5.6,693,1024,0.6767578125,7,29,5,0.03767727498196248,0.3071634311868687,0.6551592938311688,0.1092599403375424,0.12266198107105009,0.030831473214285716,0.0966796875,0.02819668377707553
overall_rating-00061,images/0850f94d82624b4e8e5f95d19d777e5e.png,3.3,1024,1024,1.0,3,18,3,0.009789466857910156,0.5464162826538086,0.44379425048828125,0.017600441682783973,0.017915767096773068,0.0185546875,0.0205078125,0.0021096161127629755
overall_rating-00062,images/1007c5cda1864544a580eb8f99d32b2f.png,2.5,576,1024,0.5625,3,5,3,0.012746175130208334,0.3058386908637153,0.6814151340060763,0.04000872762879905,0.041676136836094925,0.044921875,0.05859375,0.01018001026765097
overall_rating-00063,images/1014019d4c76464897456641866b6767.png,3.8,1024,1024,1.0,6,26,4,0.05967903137207031,0.481292724609375,0.4590282440185547,0.1103182018510357,0.12399736858791453,0.0380859375,0.0732421875,0.02557773604239999
overall_rating-00064,images/12142f5d473744019bd29e1c808f084b.png,3.4,576,1024,0.5625,1,2,1,0.00091552734375,0.8338775634765625,0.1652069091796875,0.0010967116927744977,0.0010979157898589177,0.01171875,0.01171875,0.0
overall_rating-00065,images/150fc7bb6ee8495689291b5af06b5ccd.png,4.4,576,1024,0.5625,8,59,5,0.05226474338107639,0.6416778564453125,0.30605740017361116,0.07531565779958173,0.08145012774884604,0.02294921875,0.0400390625,0.01229460772657634
overall_rating-00066,images/1688cfb582954f7089824a303a04899b.png,3.0,1024,1024,1.0,9,39,3,0.030121803283691406,0.47055530548095703,0.49932289123535156,0.06016213395098648,0.06401331136390813,0.027452256944444444,0.0380859375,0.006235137976804967
overall_rating-00067,images/18d39d8614644f6b98efbd44596f2dbc.png,4.8,731,1024,0.7138671875,7,33,6,0.22178255386456908,0.3791079749487004,0.39910947118673057,0.3690897812993977,0.5850115759094224,0.053989955357142856,0.203125,0.06145744380265402
overall_rating-00068,images/204dbe558c094a9aa2e2998c3d0839c4.png,3.4,1024,1024,1.0,4,15,4,0.0646677017211914,0.3616619110107422,0.5736703872680664,0.15168475233704443,0.1788070564037655,0.0517578125,0.08984375,0.029548076700014195
overall_rating-00069,images/213552be050848c1a22eb9a135d9a5b9.png,3.5,1024,1024,1.0,9,34,4,0.0234527587890625,0.6063690185546875,0.37017822265625,0.0372371353813354,0.03867736983819422,0.0302734375,0.072265625,0.015135843668701394
overall_rating-00070,images/230d79d416364cbab0b7c1a7aaabd18f.png,3.4,1024,1024,1.0,3,15,1,0.06614208221435547,0.14836406707763672,0.7854938507080078,0.30834585597040803,0.44580930893289883,0.0712890625,0.1005859375,0.020716018980074635
overall_rating-00071,images/2592e87c52644e94b834442e72215bb4.png,4.8,768,1024,0.75,9,44,3,0.036966959635416664,0.6617151896158854,0.301317850748698,0.052909552183392605,0.05586536355146293,0.023220486111111112,0.0341796875,0.006033610579191772
overall_rating-00072,images/26792c7a833a4a80a1e51993f103ef92.png,4.4,1024,1024,1.0,1,10,1,0.04858875274658203,0.559910774230957,0.39150047302246094,0.07985010767046256,0.08677945662560103,0.1025390625,0.1025390625,0.0
overall_rating-00073,images/292b8678656f48f58a6980a1153a445d.png,4.0,682,1024,0.666015625,5,18,2,0.026808215725806453,0.3434049097324047,0.6297868745417888,0.07241292618306291,0.07806590693970138,0.019921875,0.037109375,0.00894181495489031
overall_rating-00074,images/302423b9d2c5478d9bc5077b750c1493.png,4.0,1024,1024,1.0,3,16,3,0.0128326416015625,0.3537445068359375,0.6334228515625,0.03500666000666001,0.03627658197817366,0.0322265625,0.0517578125,0.014016308685944652
overall_rating-00075,images/3635ae2bb5c84391b85e360851691937.png,4.0,682,1024,0.666015625,0,0,0,0.0,0.3475860864186217,0.6524139135813782,0.0,0.0,0.0,0.0,0.0
overall_rating-00076,images/379c72319e694047a39524bd3c67daef.png,4.8,576,1024,0.5625,6,40,3,0.01446533203125,0.4657830132378472,0.5197516547309028,0.03012052446145265,0.03105594583773159,0.01318359375,0.015625,0.00146484375
overall_rating-00077,images/384cd93616414810af37761f70104b69.png,4.0,1024,1024,1.0,0,0,0,0.0,0.35425853729248047,0.6457414627075195,0.0,0.0,0.0,0.0,0.0
overall_rating-00078,images/4081ce000c3944feaa1f8ecb9be5a8c0.png,6.2,682,1024,0.666015625,5,21,3,0.020194224248533725,0.6468767182917888,0.3329290574596775,0.030272978420601858,0.03121804151780378,0.025390625,0.044921875,0.009765625
overall_rating-00079,images/430a0542d4e94ae7a79dcaa2fa9d0701.png,5.2,576,1024,0.5625,5,25,3,0.047403971354166664,0.3357137044270833,0.61688232421875,0.12373214380542721,0.14120356342039878,0.0291015625,0.029296875,0.00039062499999999997
overall_rating-00080,images/4394f6f104e74eb6b061c33c9d520b74.png,4.8,576,1024,0.5625,7,29,2,0.019131130642361112,0.20254007975260416,0.7783287896050347,0.0863040834588939,0.09445602404091644,0.014369419642857142,0.029296875,0.006214022726372792
overall_rating-00081,images/4acb3d91f29446a78b031efe86fd29a5.png,4.3,1024,1024,1.0,30,145,14,0.07196521759033203,0.8810634613037109,0.04697132110595703,0.07551212170639524,0.08167994787100238,0.022200520833333334,0.0322265625,0.005615210786484271
overall_rating-00082,images/4dfff34bd4774eb5bb6632742c56fc65.png,4.5,738,1024,0.720703125,25,158,11,0.2577026698001355,0.29893133892276424,0.4433659912771003,0.4629660885999215,0.8620798031039458,0.035234375,0.2412109375,0.04800630273765167
overall_rating-00083,images/50439a1e9f874e9c9c74d4033bce3668.png,4.8,730,1024,0.712890625,18,83,11,0.07174523758561643,0.8347375321061644,0.09351723030821912,0.07914682990611173,0.08594945695635937,0.023980034722222224,0.060546875,0.01381153180480845
overall_rating-00084,images/5257c7cb5427436e9db64b51d457ab48.png,5.4,1024,535,1.9140186915887851,3,19,2,0.10201518691588785,0.24436696845794392,0.6536178446261682,0.2945162888249491,0.4174671706231232,0.1370716510903427,0.23925233644859814,0.07251008860299642
overall_rating-00085,images/54dfc111c719419086081ceb2c71f8d3.png,5.0,576,1024,0.5625,2,9,2,0.004404703776041667,0.4321339925130208,0.5634613037109375,0.010090064897992473,0.01019291204199574,0.0166015625,0.017578125,0.0009765625
overall_rating-00086,images/55152f97f7eb4e6996cca2d29a609a3c.png,7.0,723,1024,0.7060546875,27,139,8,0.05019369164937759,0.7486884617047026,0.2011178466459198,0.06282990731316383,0.06704216001284519,0.015914351851851853,0.029296875,0.005637025982554476
overall_rating-00087,images/5626a0463d9a468c974088ed89b6d156.png,2.0,682,1024,0.666015625,9,53,6,0.0456636042888563,0.8047920294171554,0.14954436629398826,0.05369310576481106,0.056739632873758314,0.018771701388888888,0.025390625,0.005183407514104248
overall_rating-00088,images/57ee3dabd4a243d79477ebc318fd80d2.png,2.1,1022,1024,0.998046875,8,44,3,0.05009803846624266,0.277443126223092,0.6724588353106654,0.15295188473106736,0.1805704799691409,0.0516357421875,0.0703125,0.012191762912254748
overall_rating-00089,images/5b307fdaf0454e09b9617fa9691d4bd6.png,4.5,729,1024,0.7119140625,19,102,9,0.21405740955075445,0.674424243398491,0.11151834705075447,0.2409249632113478,0.31739281564390065,0.03510485197368421,0.17578125,0.03578380646138754
overall_rating-00090,images/5c7bb5791f654411911f06b9cb22ed29.png,4.0,801,1024,0.7822265625,11,58,8,0.040748624765917604,0.7267124590355806,0.23253891619850187,0.0530953629128342,0.05607255560197092,0.032759232954545456,0.0654296875,0.016053925177579125
overall_rating-00091,images/60543c6affa94f18b25a3c361a63bc11.png,4.0,696,1024,0.6796875,11,51,6,0.03509591639727012,0.3369982489224138,0.627905834680316,0.09431998582164688,0.10414272628861687,0.025923295454545456,0.056640625,0.01313740485985604
overall_rating-00092,images/60cfda6701694e6d9243c6eadeaf9508.png,2.6,1024,1024,1.0,12,77,7,0.040686607360839844,0.6740837097167969,0.2852296829223633,0.05692263149257296,0.060358389877028074,0.017496744791666668,0.02734375,0.003298660188722533
overall_rating-00093,images/61995654bef549f59fdcafcb1769c47b.png,4.8,696,1024,0.6796875,42,218,13,0.09827081088362069,0.2227741109913793,0.678955078125,0.30609676150517895,0.44112311994558234,0.014671688988095238,0.0517578125,0.007402048331304971
overall_rating-00094,images/61b266bb80e14564ac688d391f27b4dc.png,4.6,682,1024,0.666015625,4,23,3,0.05712317861070381,0.3797510767961877,0.5631257445931085,0.1307542797583735,0.1504226902860418,0.045166015625,0.0732421875,0.027667714991490386
overall_rating-00095,images/62d306e360904e2b84a884bfe458cf35.png,3.0,731,1024,0.7138671875,26,123,10,0.11918203873119015,0.8384984716997264,0.04231948956908349,0.12444864172662674,0.1421374549313076,0.027381310096153848,0.0546875,0.011925019988574816
overall_rating-00096,images/630c3724e33c4fe3a1102b1295da2e6f.png,4.9,801,1024,0.7822265625,21,110,7,0.051237223002496876,0.6137859901685393,0.3349767868289638,0.07704576620443362,0.08347734197782465,0.018973214285714284,0.033203125,0.0071735268594768095
overall_rating-00097,images/644435b1998a4c10b6924e2b0f812068.png,6.2,730,1024,0.712890625,23,133,10,0.053261451198630134,0.44593990796232874,0.5007986408390411,0.10669332168516171,0.11943638648983498,0.018172554347826088,0.056640625,0.008813744453573762
overall_rating-00098,images/644a6a84b6f742ddadbf30b00a287549.png,4.2,1024,1024,1.0,1,2,1,0.0021505355834960938,0.5090608596801758,0.4887886047363281,0.004206744222489199,0.004224515679416399,0.0341796875,0.0341796875,0.0
overall_rating-00099,images/6708b7ed17574b3fbdca48b0013069ae.png,3.4,576,1024,0.5625,5,18,2,0.006496853298611111,0.20112779405381945,0.7923753526475694,0.031291339354248666,0.03230211582230464,0.012890625,0.015625,0.0018936249443032536
overall_rating-00100,images/67a605debd5441b3b074170b23f952b1.png,3.1,576,1024,0.5625,7,21,4,0.05504184299045139,0.2941199408637153,0.6508382161458334,0.15763994095482267,0.18714080666824226,0.03850446428571429,0.119140625,0.03674359030052496
overall_rating-00101,images/68ba516daf0240eaba5324764e9c5a65.png,5.7,796,1024,0.77734375,29,145,6,0.06861455716080402,0.6127586173052764,0.31862682553391963,0.1007004087217991,0.11197648669968886,0.026198814655172414,0.0458984375,0.009143250108007336
overall_rating-00102,images/692e7a437dbc41e7b918cf7d9b39f07a.png,4.8,696,1024,0.6796875,8,34,6,0.04587458468031609,0.9326620869252874,0.021463328394396464,0.0468808027450255,0.04918671544969851,0.0323486328125,0.0625,0.017231814736405515
overall_rating-00103,images/69b70a96be7e4791b9b022a1ea679eff.png,4.5,1024,1024,1.0,2,9,1,0.025826454162597656,0.5355367660522461,0.43863677978515625,0.04600667309966159,0.04822536154329705,0.05810546875,0.0654296875,0.00732421875
overall_rating-00104,images/69ef73e74a27435e84fb366178422740.png,4.7,696,1024,0.6796875,21,90,13,0.06874102011494253,0.7774994948814655,0.15375948500359193,0.08123106716916562,0.08841294504689358,0.022786458333333332,0.1171875,0.023196642905364412
overall_rating-00105,images/6a31ca8747b24fee91355d7b38971405.png,4.8,696,1024,0.6796875,20,82,13,0.11661783854166667,0.8833049905711207,7.717088721270748e-05,0.11662683873828492,0.13202443073061865,0.022509765625,0.107421875,0.020062299495657694
overall_rating-00106,images/6a61d938b86945dda125617ace79b5c5.png,4.5,723,1024,0.7060546875,27,150,8,0.08160442600276625,0.2086642570020747,0.709731316995159,0.28113410361049973,0.3910800401333463,0.015335648148148149,0.0771484375,0.01284003936805231
overall_rating-00107,images/6bf17c1dca63410292ff04a0d3eae71a.png,3.9,1024,1024,1.0,9,37,9,0.04915428161621094,0.38742542266845703,0.563420295715332,0.11258947938670168,0.1268741769129466,0.04416232638888889,0.0693359375,0.01797027008130223
overall_rating-00108,images/6ccc22ef1d274b108e50f91ac7953385.png,3.8,729,1024,0.7119140625,34,187,10,0.11099322702331961,0.45897633744855965,0.43003043552812076,0.19473535771364106,0.24182777622116372,0.018985523897058824,0.08984375,0.018648465332682197
overall_rating-00109,images/6d0f6c38d37643f887bcf217214bbb26.png,3.8,696,1024,0.6796875,23,112,8,0.11630915499281609,0.2552251706178161,0.6284656743893677,0.31305089994486285,0.4557119296316658,0.02424422554347826,0.15625,0.02821933156026435
overall_rating-00110,images/6da895a65f0a400491abf53a909785ce.png,3.4,696,1024,0.6796875,5,28,1,0.02222381241020115,0.668389682112069,0.30938650547772995,0.032179811988143105,0.03324978377879101,0.030078125,0.046875,0.013939895218793344
overall_rating-00111,images/6dc22400ff6148499fbd4ec51a3300de.png,3.5,696,1024,0.6796875,20,103,12,0.12875752065373564,0.5685586161997126,0.3026838631465517,0.1846472695078273,0.2264630540899377,0.02548828125,0.087890625,0.021912678557569884
overall_rating-00112,images/6df53f71f46d4b76b5c2681bb0c95dc8.png,3.2,696,1024,0.6796875,22,109,13,0.10162563981681035,0.7409247036637931,0.15744965651939646,0.12061669739162581,0.1371605499375071,0.02423650568181818,0.0595703125,0.011908226304763648
overall_rating-00113,images/6ef683e751084e2190439afee2072b77.png,3.3,576,1024,0.5625,6,21,5,0.0291290283203125,0.2990536159939236,0.6718173556857638,0.08875858862427029,0.09740403313131771,0.029296875,0.041015625,0.009021097956087902
overall_rating-00114,images/6f9c16ad7a0c46ef88c099b0ac131d76.png,4.3,801,1024,0.7822265625,16,75,9,0.05026919475655431,0.6124948794475655,0.33723592579588013,0.0758477966943517,0.08207284084055393,0.02490234375,0.0283203125,0.004408073751286081
overall_rating-00115,images/6fb71b5134a446f994287f1408354e22.png,3.5,731,1024,0.7138671875,13,59,4,0.09187302282831737,0.4563859973495212,0.4517409798221615,0.16757229602627707,0.2013055250640322,0.030799278846153848,0.0771484375,0.020490332038232775
overall_rating-00116,images/7195a0cb2e594acfad46e39b2ef331de.png,3.4,1024,537,1.9068901303538175,3,28,2,0.015332213105214152,0.3048038873370577,0.6798638995577282,0.04789279648259761,0.05030189489761826,0.031036623215394164,0.0335195530726257,0.002322568210287984
overall_rating-00117,images/732a250e6f694944a500a6a94d35465d.png,3.3,1024,1024,1.0,4,16,3,0.015088081359863281,0.6408805847167969,0.34403133392333984,0.023001222680505296,0.02354273435593412,0.024169921875,0.0283203125,0.006074148097961293
overall_rating-00118,images/73fdeca96eef4d198f7a272b2af1d7f6.png,3.9,801,1024,0.7822265625,24,147,11,0.061947711844569285,0.9097685510299626,0.028283737125468167,0.06375082337442363,0.06809172703808826,0.0233154296875,0.0810546875,0.014141377241102326
overall_rating-00119,images/74516666b4ed4838b9e410903ebf0d5d.png,4.9,801,1024,0.7822265625,20,130,12,0.1025451583957553,0.323261694366417,0.5741931472378277,0.24082552389787462,0.3172202589506952,0.02353515625,0.119140625,0.024841761479478877
overall_rating-00120,images/74c14bcd2811426aa0168390177bd9fa.png,3.2,682,1024,0.666015625,4,20,4,0.012569304435483871,0.5080831309567448,0.4793475646077713,0.02414144942204083,0.02473867694015991,0.025146484375,0.0625,0.021599202639379596
overall_rating-00121,images/75bc1fcdd25648d89823ec216e2e2961.png,3.5,1024,1024,1.0,3,8,2,0.029027938842773438,0.5421600341796875,0.42881202697753906,0.050820290716506324,0.05354127381723003,0.07877604166666667,0.1005859375,0.016845506553301578
overall_rating-00122,images/787d3691086e4629bac5bf66536b6049.png,3.5,1024,1024,1.0,3,16,1,0.00710296630859375,0.44016361236572266,0.5527334213256836,0.01588083404229914,0.01613710472434974,0.021484375,0.021484375,0.0
overall_rating-00123,images/78b8b12aa716403aae4dfe821dafccd1.png,5.2,576,1024,0.5625,1,3,1,0.001498752170138889,0.8851131863064237,0.1133880615234375,0.0016904263354654888,0.001693288715303384,0.0107421875,0.0107421875,0.0
overall_rating-00124,images/78e704f45ff34a47b1c59f6364a2251d.png,3.3,1024,1024,1.0,12,61,4,0.05203819274902344,0.3106718063354492,0.6372900009155273,0.14347052157474185,0.16750214112713843,0.025960286458333332,0.0400390625,0.011080566118163653
overall_rating-00125,images/7945c0d2a58c457aa2811791e3e0ee89.png,3.3,1024,1024,1.0,4,31,4,0.0814523696899414,0.3069791793823242,0.6115684509277344,0.20969555610115395,0.2653351600386466,0.057373046875,0.1025390625,0.0329390854282027
overall_rating-00126,images/7b500d59be644696985e46c7e391b87b.png,4.2,731,1024,0.7138671875,23,124,11,0.02087252051983584,0.7945838855164159,0.1845435939637483,0.025596120608448486,0.026268492100453778,0.010105298913043478,0.0322265625,0.005172364922840034
overall_rating-00127,images/7b59e50490b249c18ff6277155c3fefd.png,4.2,801,1024,0.7822265625,19,97,7,0.09620055009363296,0.8681640625,0.03563538740636707,0.09975537139931352,0.11080918256004517,0.029039884868421052,0.0947265625,0.019559093294206496
overall_rating-00128,images/7b830ef82386451caa7770fdb4647a8b.png,4.2,696,1024,0.6796875,15,74,7,0.19168125897988506,0.4864165207435345,0.32190222027658044,0.28267495442628854,0.39406815107118853,0.044661458333333334,0.11328125,0.026856869439482515
overall_rating-00129,images/802352fa7c8341da8291d27873a02a6f.png,3.8,1024,1024,1.0,13,64,8,0.04696083068847656,0.6612653732299805,0.29177379608154297,0.06630767179843503,0.07101661842520843,0.0224609375,0.0810546875,0.019270342677182303
overall_rating-00130,images/805bfc2cf9e84d53a12a9d7824a56b0e.png,4.5,576,1024,0.5625,4,21,4,0.038792928059895836,0.6015862358940972,0.3596208360460069,0.06057806100431282,0.06448440098075135,0.030517578125,0.0400390625,0.00863512655460322
overall_rating-00131,images/813d677cbdf04c24b182dfc1de572019.png,4.4,696,1024,0.6796875,17,101,7,0.13211094647988506,0.2259577608656609,0.641931292654454,0.3689541804958522,0.5846709844076974,0.03262867647058824,0.076171875,0.022208658601362924
overall_rating-00132,images/8206435d61664df2b09f35366381fbea.png,4.6,796,1024,0.77734375,27,104,15,0.10166310065954774,0.7633479899497487,0.13498890939070352,0.11752808925020637,0.1331805441267229,0.034577546296296294,0.1025390625,0.018777519581552514
overall_rating-00133,images/8223c84e815c430e901621f99574021f.png,4.1,1024,1024,1.0,4,21,3,0.024898529052734375,0.7254791259765625,0.24962234497070312,0.03318133060846843,0.034320117783152804,0.02685546875,0.033203125,0.006385105874327159
overall_rating-00134,images/84adb8365f0541c38fa2a1878234679c.png,4.7,696,1024,0.6796875,5,34,4,0.02087262033045977,0.2724174411817529,0.7067099384877873,0.07116715862392299,0.07661998526934942,0.0255859375,0.03515625,0.007292247930700965
overall_rating-00135,images/85c022ca5e33445aafee198919e268b5.png,4.5,696,1024,0.6796875,14,78,7,0.053741805854885055,0.19298474542025862,0.7532734487248562,0.21781930472068833,0.2784769632327815,0.02490234375,0.0654296875,0.011993103134396502
overall_rating-00136,images/86c30b9e8e2d456fb50a628cec91c70a.png,4.6,696,1024,0.6796875,24,151,9,0.07776861081178162,0.32362383261494254,0.5986075565732758,0.19374707243580333,0.24030557386146856,0.0224609375,0.0625,0.013648603706534264
overall_rating-00137,images/8962bd1ebe9e48f49a2db85949d4d960.png,3.4,1024,537,1.9068901303538175,3,12,3,0.035041681215083796,0.22245802781657356,0.7425002909683427,0.1360843526653295,0.15752041658832472,0.07076350093109869,0.0782122905027933,0.009248705416357132
overall_rating-00138,images/8a39570a93ef4b04b7853f941fc891b8.png,6.8,723,1024,0.7060546875,31,163,11,0.11839368300484095,0.8443942881224067,0.03721202887275232,0.12296963252067193,0.14021137360853173,0.0205078125,0.091796875,0.021303190368085034
overall_rating-00139,images/8aa25162c1544d2085a325bf11068ba9.png,5.5,696,1024,0.6796875,1,5,1,0.04291683503951149,0.37545180046695403,0.5816313644935345,0.10258138731541755,0.11430717601070309,0.0654296875,0.0654296875,0.0
overall_rating-00140,images/8b167c791aa542bd9a5efcab358a7a5f.png,4.7,576,1024,0.5625,7,49,4,0.0693851047092014,0.8384297688802084,0.09218512641059029,0.07643089657130157,0.08275601282844583,0.03362165178571429,0.09375,0.0282690670462634
overall_rating-00141,images/8b2a8a666ddf420185286189368ce727.png,5.9,576,1024,0.5625,16,67,5,0.04501681857638889,0.3792792426215278,0.5757039388020834,0.10609765843522735,0.11869043574659824,0.01800537109375,0.0361328125,0.006098325429947576
overall_rating-00142,images/8bbf9cdf84884723b3aa06f7f9a12e44.png,4.8,696,1024,0.6796875,0,0,0,0.0,0.6334845882722702,0.36651541172772983,0.0,0.0,0.0,0.0,0.0
overall_rating-00143,images/8d170bce6e6549a48e74edfcc818aa86.png,4.3,1024,1024,1.0,24,101,10,0.10577392578125,0.20612716674804688,0.6880989074707031,0.33912649976150583,0.5131488849819561,0.030598958333333332,0.080078125,0.017775196179396654
overall_rating-00144,images/8e38183e6ec145b5a2447f88b47c2bbe.png,3.8,696,1024,0.6796875,16,75,7,0.04034774604885057,0.4255974429777299,0.5340548109734196,0.08659333114511218,0.09480260446715569,0.02288818359375,0.0732421875,0.013201524761668392
overall_rating-00145,images/8ef586f2055f44ed90eaa44a95faadab.png,4.1,724,1024,0.70703125,17,80,8,0.14496962405041436,0.5382181241367403,0.31681225181284534,0.21219587797804143,0.2693510633498905,0.03400735294117647,0.1298828125,0.026807611716558138
overall_rating-00146,images/9054964ab2734d2d978ede1f0bba35bb.png,4.0,576,1024,0.5625,3,8,3,0.005566067165798611,0.7248433430989584,0.26959058973524297,0.007620475705236378,0.007678993287020794,0.019856770833333332,0.0224609375,0.0030187560206691743
overall_rating-00147,images/90b9a2237ab5460b85e13b9bc40ca44f.png,5.2,730,1024,0.712890625,14,75,9,0.024797998715753423,0.8518514554794521,0.12335054580479454,0.028287245942015496,0.029110707689988313,0.014508928571428572,0.0380859375,0.00812751766943611
overall_rating-00148,images/9152af0b31904f91a052be98af7e3db7.png,3.0,801,1024,0.7822265625,23,135,12,0.17954973275593009,0.7390456753277154,0.08140459191635452,0.19546116949408987,0.24294808663390427,0.02912703804347826,0.0947265625,0.02132290983497361
overall_rating-00149,images/920cb9c20c434a8f84d3e2cbc189d809.png,3.0,1024,1024,1.0,1,1,1,0.003467559814453125,0.873295783996582,0.12323665618896484,0.003954955278331609,0.003970659057328847,0.0927734375,0.0927734375,0.0
overall_rating-00150,images/924734f72ba94a2285ece12dd9b66cda.png,3.8,696,1024,0.6796875,20,109,11,0.1509504647090517,0.44209377244971265,0.40695576284123564,0.25453491535849904,0.3414444493814308,0.030029296875,0.0673828125,0.016459858819627235
overall_rating-00151,images/93f6a3d3ec0448b4a324ab7338e34132.png,4.1,708,1024,0.69140625,57,285,14,0.1190716587217514,0.3443610412252825,0.536567300052966,0.25693408931946365,0.34577563797019134,0.014459978070175438,0.064453125,0.009021911369644326
overall_rating-00152,images/9423ab4504d64ba891b7a6e5143d00d4.png,3.5,1024,1024,1.0,9,63,5,0.05251026153564453,0.695530891418457,0.25195884704589844,0.07019702235401809,0.07549666331650023,0.029622395833333332,0.0556640625,0.017888843312544384
overall_rating-00153,images/96d6a3471b9b42539bdda710fd2488c1.png,4.8,696,1024,0.6796875,14,76,7,0.09010051858836207,0.3759863842492816,0.5339130971623562,0.19331270207296003,0.23963771658450483,0.024065290178571428,0.0810546875,0.016759226809059658
overall_rating-00154,images/977570f6fdb1440481877e0183fd0836.png,4.0,576,1024,0.5625,3,11,2,0.07325236002604167,0.4770711263020833,0.44967651367187506,0.13310782084696576,0.1535459934325558,0.0830078125,0.0927734375,0.008400708268596315
overall_rating-00155,images/97c06d403a6c4d37a4ef50f37ba30a9b.png,4.0,731,1024,0.7138671875,22,89,6,0.18481077932626538,0.18331320536935705,0.6318760153043775,0.5020340619182238,1.008169482137912,0.031427556818181816,0.169921875,0.03386579226228917
overall_rating-00156,images/9a261dbdb5c9455197f762487995f9e1.png,5.8,796,1024,0.77734375,8,39,4,0.13411417438756282,0.6121648280464824,0.2537209975659548,0.17971050230562474,0.21908180320575257,0.05419921875,0.087890625,0.020114580003951152
overall_rating-00157,images/9b2ca9c475e54c48a8b39c6ba1196bfd.png,5.4,801,1024,0.7822265625,21,138,10,0.20015873712546817,0.3680006924937578,0.43184057038077406,0.352293259058663,0.5439085882395815,0.043201264880952384,0.146484375,0.035004665507426216
overall_rating-00158,images/9d98cbe07a3741c6b07bad9825f06872.png,4.7,738,1024,0.720703125,12,46,5,0.04268821985094851,0.25110756478658536,0.7062042153624661,0.14529895282062832,0.16999973651621744,0.032145182291666664,0.0390625,0.008319509484389406
overall_rating-00159,images/9dae0e6b988c402eac9fa724b2ad5202.png,4.2,731,1024,0.7138671875,1,4,1,0.003791360294117647,0.8472982216142271,0.14891041809165528,0.004454713551558836,0.004474646821392533,0.0263671875,0.0263671875,0.0
overall_rating-00160,images/9dfe48130ad64b879e1ee60325f4a6b2.png,4.7,576,1024,0.5625,3,17,2,0.013322618272569444,0.6262037489149306,0.3604736328125,0.02083200780471252,0.02127521321240016,0.024088541666666668,0.05078125,0.018941844434864786
overall_rating-00161,images/9e4678685802406782d15b41a05d2d9c.png,3.3,576,1024,0.5625,6,23,5,0.025107489691840276,0.3248138427734375,0.6500786675347222,0.07175181208573975,0.07729809012281882,0.02587890625,0.0546875,0.01507358304729798
overall_rating-00162,images/9eb1cd8c3b1f41d891ca73c753d7dd8b.png,3.9,1024,535,1.9140186915887851,2,8,1,0.04472838785046729,0.91065457067757,0.04461704147196266,0.04681723433645971,0.04911674447226159,0.11869158878504674,0.18317757009345795,0.06448598130841122
overall_rating-00163,images/9eff824e1be045f9a3a3089d8693c2fd.png,3.9,1024,1024,1.0,0,0,0,0.0,0.8901748657226562,0.10982513427734375,0.0,0.0,0.0,0.0,0.0
overall_rating-00164,images/9f77138c65ec442d8ea20b5b70e041a2.png,4.5,801,1024,0.7822265625,29,116,8,0.09689182467228465,0.45331519194756553,0.44979298338014984,0.17610067073940877,0.21374051960626111,0.02734375,0.10546875,0.02478237800869047
overall_rating-00165,images/9fa945a5a60347ce9c8c7e1113e22a18.png,6.3,723,1024,0.7060546875,29,148,11,0.08482181448824343,0.6754462742047026,0.23973191130705396,0.11156829511819864,0.12557892126670772,0.019733297413793104,0.08203125,0.01653781361138456
overall_rating-00166,images/a05f46f8ce414c928f667f052bf86a96.png,4.8,696,1024,0.6796875,15,86,7,0.1279198657507184,0.17557359015804597,0.6965065440912357,0.42149134770528107,0.728582616756705,0.0330078125,0.1494140625,0.04110574177454942
overall_rating-00167,images/a1b1d4232e65403b9ce5412d75f6078f.png,4.6,731,1024,0.7138671875,19,86,9,0.07653925487346101,0.34348949427154585,0.5799712508549931,0.18222384784198975,0.22282851775650772,0.022152549342105265,0.037109375,0.008809327831261739
overall_rating-00168,images/a4318a4cb8664469856a98c50a0cd467.png,4.1,731,1024,0.7138671875,9,39,5,0.025810106019151846,0.6634359503248974,0.31075394365595077,0.03744686789512551,0.03890368920543443,0.021809895833333332,0.0517578125,0.011238721680750045
overall_rating-00169,images/a4a453eac5f74c4bbb03fb5526e4a8f9.png,6.3,723,1024,0.7060546875,31,154,13,0.10224055584370678,0.7953108791493776,0.10244856500691568,0.11391052574551846,0.1285542025441144,0.019153225806451613,0.09375,0.01799611779763094
overall_rating-00170,images/a562eee227f44176ae38978dbb0cf4a6.png,4.8,696,1024,0.6796875,7,27,7,0.06396203753591954,0.3939994724317529,0.5420384900323276,0.13966684130383497,0.16234041416641443,0.056361607142857144,0.076171875,0.016960522227041443
overall_rating-00171,images/a58adc56b1da4127845593908c7cfb76.png,4.7,731,1024,0.7138671875,30,107,9,0.12034563098495211,0.1472137910396717,0.7324405779753762,0.44979029358897543,0.8174888380703473,0.020670572916666668,0.1044921875,0.02275912143679455
overall_rating-00172,images/a5cc21ddf0a54e5d97f6f269247aaad0.png,5.1,732,1024,0.71484375,19,81,7,0.04838920551571038,0.7947337666495902,0.15687702783469948,0.057392820636161385,0.06088731540841387,0.023231907894736843,0.0458984375,0.01103299071312078
overall_rating-00173,images/a5d3ddb25ad54f8b8f274df320db19af.png,5.1,696,1024,0.6796875,8,45,5,0.08066742995689655,0.5400124034662356,0.37932016657686785,0.12996624928508616,0.14938069836749648,0.034423828125,0.0615234375,0.01397158586701611
overall_rating-00174,images/a87c588e8909443e9e16f1222bd32f7f.png,5.5,696,1024,0.6796875,19,94,7,0.06303738999640805,0.7150977123742817,0.22186489762931028,0.08101085506148797,0.08815213488393084,0.021278782894736843,0.0341796875,0.006873128881810224
overall_rating-00175,images/a8ebc0facd794f39b9e14ad0025353ff.png,5.4,696,1024,0.6796875,30,153,10,0.18566754220545978,0.27086981411637934,0.5434626436781609,0.4066864181746656,0.6854493654493654,0.02099609375,0.1044921875,0.020519822252283264
overall_rating-00176,images/a955cfd3e54c4770bf16c969f3b39496.png,5.6,723,1024,0.7060546875,32,174,11,0.15687402748962656,0.3425586747925311,0.5005672977178424,0.3141044364391653,0.4579479050841042,0.018218994140625,0.0556640625,0.01137708246378583
overall_rating-00177,images/aa80a5ccf7294c838e438255b44c3c7d.png,5.8,1024,1024,1.0,12,48,6,0.02435588836669922,0.7697324752807617,0.20591163635253906,0.030671508967624318,0.03164201738768441,0.022216796875,0.03125,0.005941869901130147
overall_rating-00178,images/b0bcc9c3c1824dd4b735971020a86177.png,5.3,696,1024,0.6796875,17,107,8,0.058498338721264365,0.2416487068965517,0.699852954382184,0.19489893229117972,0.24208008175399479,0.017693014705882353,0.0341796875,0.007818833262314973
overall_rating-00179,images/b16da988bc224500ae80ee84f48c30cd.png,5.0,696,1024,0.6796875,22,114,10,0.2633154858117816,0.4232696883979885,0.31341482579022983,0.38351466897729963,0.622098612372624,0.05149147727272727,0.193359375,0.0378784295267436
overall_rating-00180,images/b1975abb107642f694238fe4122d7b84.png,4.1,696,1024,0.6796875,19,91,8,0.06934435614224138,0.8133685232579023,0.11728712059985635,0.07855822403924255,0.08525576557165801,0.031763980263157895,0.052734375,0.01089007622307334
overall_rating-00181,images/b76e192ad3524afebb6f8bb3a32de4c7.png,3.9,730,1024,0.712890625,16,69,7,0.036864565496575345,0.33927787885273974,0.6238575556506849,0.09800692809434727,0.10865596549127228,0.0201416015625,0.056640625,0.012448179596022135
overall_rating-00182,images/b88fb91f318347a8a223efe74634c235.png,4.6,731,1024,0.7138671875,4,14,3,0.013949747777017784,0.878993085242818,0.10705716698016421,0.015622218199390492,0.01587014506850668,0.027587890625,0.0380859375,0.007287505642870752
overall_rating-00183,images/b9c6daa0c5924c2d98dc8465591d1106.png,4.4,730,1024,0.712890625,36,197,9,0.08160049229452054,0.34995317851027397,0.5684463291952054,0.18908538570033634,0.23317545690508681,0.018147786458333332,0.03125,0.006739833978456446
overall_rating-00184,images/bcad2eb5626042d3a0fd0d533e5f85a2.png,4.4,696,1024,0.6796875,14,90,6,0.06863438397988506,0.45001571479885055,0.48134990122126436,0.13233273095194295,0.15251552717567535,0.038853236607142856,0.1123046875,0.028610301820832264
overall_rating-00185,images/bee21b8716574ed5857efc86909d0ce4.png,5.2,708,1024,0.69140625,12,72,8,0.043990830243644065,0.3649681651659605,0.5910410045903955,0.10756782645062934,0.120533335348962,0.019124348958333332,0.0400390625,0.009208198442808851
overall_rating-00186,images/c17ca6e888354d9285b35ea5d9127a46.png,4.5,801,1024,0.7822265625,14,62,11,0.1123863725031211,0.6318895813826467,0.25572404611423216,0.15100094516874618,0.17785761280824863,0.04045758928571429,0.0927734375,0.022692404133918306
overall_rating-00187,images/c1c737ceff7b47cc875149b2453a4bd0.png,4.2,1024,1024,1.0,1,2,1,0.0006198883056640625,0.7555465698242188,0.2438335418701172,0.0008197775754258429,0.0008204501620704628,0.0185546875,0.0185546875,0.0
overall_rating-00188,images/c2275e6da6ad4f4d84858f0f0ed0586b.png,4.6,796,1024,0.77734375,2,12,2,0.03171129082914573,0.7513605625785176,0.21692814659233672,0.0404960166696695,0.042205157428437536,0.04736328125,0.056640625,0.00927734375
overall_rating-00189,images/c22c239c391c49369f00e0185eae4370.png,4.7,801,1024,0.7822265625,32,177,11,0.0828822370474407,0.7119823365324595,0.20513542642009985,0.10427214874372476,0.1164105242429172,0.020904541015625,0.064453125,0.01215530881940158
overall_rating-00190,images/c2c100bfc5ae4e4d80d49cf66c0a1b04.png,6.3,723,1024,0.7060546875,41,213,11,0.06052121153181189,0.5398256505013831,0.399653137966805,0.10081040704842643,0.11211251535676486,0.014291158536585366,0.0234375,0.0029554263279813454
overall_rating-00191,images/c2d0cdc77cf049078c005c204fa09d7a.png,4.9,729,1024,0.7119140625,3,11,1,0.02223186728395062,0.436653377914952,0.5411147548010973,0.04844755310080688,0.05091422260400049,0.036458333333333336,0.037109375,0.0004603559773349919
overall_rating-00192,images/c405ce3e0ce841829f71a6e8dd6296f9.png,4.5,801,1024,0.7822265625,26,125,12,0.04237500975343321,0.2816803702403246,0.6759446200062422,0.13076471606257384,0.1504365026120905,0.015625,0.0224609375,0.0030762613025004915
overall_rating-00193,images/c40b1f89548b4492bc5b3d97a348a078.png,5.7,696,1024,0.6796875,8,38,2,0.011933425377155173,0.7907406160201149,0.19732595860272995,0.014867087711447397,0.015091453676955946,0.0150146484375,0.015625,0.0016148384466946964
overall_rating-00194,images/c48b6ebc33624bfcafae64e1e5408d62.png,4.3,729,1024,0.7119140625,6,24,2,0.03194256901577503,0.9348261745541838,0.0332312564300411,0.03304054793685368,0.034169527860094806,0.028971354166666668,0.041015625,0.01139787851563255
overall_rating-00195,images/c6305bf2f5794e3288dc6ea99e03572f.png,5.4,696,1024,0.6796875,24,110,13,0.07196255387931035,0.397564767420977,0.5304726786997126,0.15326595623875638,0.18100837844896345,0.0185546875,0.0966796875,0.017407757294898327
overall_rating-00196,images/c66c41141bf14a36b719da0a42bb8d1d.png,5.3,696,1024,0.6796875,21,104,7,0.08945368624281609,0.3990169832076149,0.511529330549569,0.18313010757321155,0.2241851600493704,0.025995163690476192,0.0751953125,0.01852768680426052
overall_rating-00197,images/c77d4dab64fa42d785f41e6b912e4dc8.png,4.0,1024,1024,1.0,14,63,5,0.07808113098144531,0.1090555191040039,0.8128633499145508,0.4172412563001014,0.715975969148164,0.031529017857142856,0.0537109375,0.01305210225580531
overall_rating-00198,images/c800aa6b6b684bf4924ce9773107b167.png,4.8,696,1024,0.6796875,16,92,9,0.05690300601652299,0.8175483791307471,0.12554861485272995,0.0650728067712303,0.06960200456519128,0.02337646484375,0.0341796875,0.005914744389477523
overall_rating-00199,images/c9fa954e283f4ec8a4eb66ae8a8d4f56.png,3.7,1024,1024,1.0,4,45,4,0.080841064453125,0.5868206024169922,0.3323383331298828,0.12108088342422589,0.13776112174684638,0.060546875,0.0810546875,0.028362374475503136
overall_rating-00200,images/ca72a8bf88534c3581a5beb93a4b4737.png,4.2,731,1024,0.7138671875,26,123,10,0.1191032190492476,0.792430371494528,0.08846640945622442,0.13066245751645483,0.1503011789220273,0.02734375,0.0546875,0.011972659926354687
overall_rating-00201,images/cacb132dff2f427b8f7dbbf7be393c21.png,4.0,696,1024,0.6796875,27,155,7,0.05524172728089081,0.701623675466954,0.24313459725215514,0.0729875180981089,0.07873412658734127,0.01537181712962963,0.041015625,0.006626528563416334
overall_rating-00202,images/cb2896c9b7844869a141996afda02208.png,4.1,801,1024,0.7822265625,26,147,7,0.03801644428838951,0.556322419241573,0.40566113647003754,0.0639642578016825,0.06833527280855736,0.019343449519230768,0.02734375,0.008396424870865284
overall_rating-00203,images/cb6cb84e49764c19af6f57441728cb85.png,5.5,744,1024,0.7265625,25,161,12,0.07861065608198925,0.5694435693884409,0.3519457745295699,0.12130259011107421,0.13804819354868453,0.025859375,0.0537109375,0.010171712988341124
overall_rating-00204,images/cbaf73f0eee04a1e834b33e2da89cefd.png,4.2,731,1024,0.7138671875,19,100,9,0.022331352599179205,0.5119164671682627,0.46575218023255816,0.041799613911199573,0.043623040146975926,0.009868421052631578,0.013671875,0.0019245112280889237
overall_rating-00205,images/cd3a0d94b789437f826438fdffac91f8.png,3.9,696,1024,0.6796875,13,87,9,0.08517140355603449,0.7877618197737069,0.12706677667025867,0.09756920836527938,0.1081182172303056,0.027794471153846152,0.0791015625,0.020572511925524565
overall_rating-00206,images/cd67ca69376c437996d0bfab79c1c523.png,3.8,1024,1024,1.0,38,221,10,0.06828594207763672,0.6793041229248047,0.2524099349975586,0.0913414253002596,0.10052337351292008,0.018323396381578948,0.0595703125,0.00843479822793807
overall_rating-00207,images/ce975ffbfd474b4390c7d5369809e6ce.png,3.3,696,1024,0.6796875,10,54,4,0.04124854076867816,0.48549047009698276,0.4732609891343391,0.07830925736996183,0.0849626167954198,0.02333984375,0.0400390625,0.009310180375168038
overall_rating-00208,images/ceb107f8d8234bfa94669159da899e58.png,2.0,682,1024,0.666015625,3,15,2,0.015993000824780057,0.2808075398643695,0.7031994593108504,0.053884675505123596,0.05695360186020896,0.030924479166666668,0.0361328125,0.003682847818679935
overall_rating-00209,images/d05d4db31605467fbfd7f910ebba7163.png,2.4,1024,1024,1.0,19,79,5,0.1501312255859375,0.406768798828125,0.4430999755859375,0.26958380140833493,0.36908245179683397,0.04399671052631579,0.2666015625,0.05442849564976256
overall_rating-00210,images/d0e5dea1f98f41d9a403fe45fa5b5cfa.png,3.5,731,1024,0.7138671875,9,35,4,0.037098687585499314,0.6610366257694938,0.3018646866450069,0.05313968062611824,0.056121984984287054,0.03396267361111111,0.12890625,0.03373117739210447
overall_rating-00211,images/d1dd324043004842a3b784ab204fa515.png,3.5,731,1024,0.7138671875,5,22,2,0.12059678522571819,0.764132769750342,0.1152704450239399,0.13630920833087962,0.15782176867656084,0.06953125,0.14453125,0.06123724356957946
overall_rating-00212,images/d2ae7cef7d6c466ebcad674d4c42f4b6.png,4.1,731,1024,0.7138671875,23,122,11,0.0224702889876881,0.727561773255814,0.24996793775649795,0.029959104575442798,0.03088437272774012,0.00985054347826087,0.0185546875,0.0027457704168180608
overall_rating-00213,images/d3bb12dda86746cba760b390eedd1bfe.png,5.3,767,1024,0.7490234375,22,85,11,0.022072604302477185,0.6134633209745762,0.3644640747229466,0.034730694874337636,0.035980316259840314,0.012384588068181818,0.03515625,0.008676812211643684
overall_rating-00214,images/d4f1411998424d16a0167b750f8d7ac7.png,5.5,696,1024,0.6796875,17,93,7,0.08408118938577586,0.6609868893678161,0.25493192124640807,0.11285034453017158,0.12720553272424684,0.026769301470588234,0.14453125,0.02973790819100857
overall_rating-00215,images/d6cee2da43e446f5bc513a87da10c170.png,5.1,696,1024,0.6796875,27,164,9,0.09730547323994253,0.4824541464619253,0.42024038029813215,0.1678376174076772,0.2016885417060495,0.023473668981481483,0.0751953125,0.013041112359146867
overall_rating-00216,images/d7f4f7ee6b424b6fa42ca6e97c815fca.png,6.2,723,1024,0.7060546875,24,117,15,0.060615761151452285,0.7544060122752421,0.18497822657330565,0.07437318011345652,0.08034899002016022,0.021931966145833332,0.0625,0.013297573355657106
overall_rating-00217,images/e2ca9fa78dae47a696c0452958f23ce5.png,4.9,1024,1024,1.0,5,42,3,0.04035663604736328,0.8553934097290039,0.10424995422363281,0.04505345686294133,0.04717903550384918,0.029296875,0.0712890625,0.02108108705558877
overall_rating-00218,images/f6b82a42038541a59e42c96054aa2a06.png,3.6,1024,1024,1.0,11,50,6,0.09368228912353516,0.4146308898925781,0.4916868209838867,0.18430033489366893,0.22594141297047649,0.030184659090909092,0.0908203125,0.019323533892631806
